x,n_regions_at_least,fitted_n_regions_at_least,reference_n_regions_at_least,in_fit,r_database,k,lambda_analytic,match_probability,null,reference,mismatch_penalty,xdrop,n_queries,query_residues,database_kmers,bin_width
0.000,50952721,2668211594.565,,false,0.8090458041913903,0.011565650374493319,0.42782263924999075,0.5185214875668276,reversed,,2,8,200,59508,3876813,0.5
0.500,50876693,1780484522.866,,false,0.8090458041913903,0.011565650374493319,0.42782263924999075,0.5185214875668276,reversed,,2,8,200,59508,3876813,0.5
1.000,50846098,1188108597.768,,false,0.8090458041913903,0.011565650374493319,0.42782263924999075,0.5185214875668276,reversed,,2,8,200,59508,3876813,0.5
1.500,50800892,792819045.580,,false,0.8090458041913903,0.011565650374493319,0.42782263924999075,0.5185214875668276,reversed,,2,8,200,59508,3876813,0.5
2.000,50719021,529044264.317,,false,0.8090458041913903,0.011565650374493319,0.42782263924999075,0.5185214875668276,reversed,,2,8,200,59508,3876813,0.5
2.500,50574302,353028645.272,,false,0.8090458041913903,0.011565650374493319,0.42782263924999075,0.5185214875668276,reversed,,2,8,200,59508,3876813,0.5
3.000,50285507,235574285.156,,false,0.8090458041913903,0.011565650374493319,0.42782263924999075,0.5185214875668276,reversed,,2,8,200,59508,3876813,0.5
3.500,49661073,157197566.175,,false,0.8090458041913903,0.011565650374493319,0.42782263924999075,0.5185214875668276,reversed,,2,8,200,59508,3876813,0.5
4.000,48371538,104897165.643,,false,0.8090458041913903,0.011565650374493319,0.42782263924999075,0.5185214875668276,reversed,,2,8,200,59508,3876813,0.5
4.500,45807809,69997364.640,,false,0.8090458041913903,0.011565650374493319,0.42782263924999075,0.5185214875668276,reversed,,2,8,200,59508,3876813,0.5
5.000,40686768,46708898.438,,false,0.8090458041913903,0.011565650374493319,0.42782263924999075,0.5185214875668276,reversed,,2,8,200,59508,3876813,0.5
5.500,31475910,31168619.055,,false,0.8090458041913903,0.011565650374493319,0.42782263924999075,0.5185214875668276,reversed,,2,8,200,59508,3876813,0.5
6.000,21902389,20798666.770,,false,0.8090458041913903,0.011565650374493319,0.42782263924999075,0.5185214875668276,reversed,,2,8,200,59508,3876813,0.5
6.500,14822817,13878848.422,,false,0.8090458041913903,0.011565650374493319,0.42782263924999075,0.5185214875668276,reversed,,2,8,200,59508,3876813,0.5
7.000,9912903,9261287.546,,false,0.8090458041913903,0.011565650374493319,0.42782263924999075,0.5185214875668276,reversed,,2,8,200,59508,3876813,0.5
7.500,6578691,6180011.799,,false,0.8090458041913903,0.011565650374493319,0.42782263924999075,0.5185214875668276,reversed,,2,8,200,59508,3876813,0.5
8.000,4349139,4123891.592,,false,0.8090458041913903,0.011565650374493319,0.42782263924999075,0.5185214875668276,reversed,,2,8,200,59508,3876813,0.5
8.500,2869480,2751852.652,,false,0.8090458041913903,0.011565650374493319,0.42782263924999075,0.5185214875668276,reversed,,2,8,200,59508,3876813,0.5
9.000,1894245,1836297.791,,false,0.8090458041913903,0.011565650374493319,0.42782263924999075,0.5185214875668276,reversed,,2,8,200,59508,3876813,0.5
9.500,1255412,1225352.518,,true,0.8090458041913903,0.011565650374493319,0.42782263924999075,0.5185214875668276,reversed,,2,8,200,59508,3876813,0.5
10.000,836118,817671.731,,true,0.8090458041913903,0.011565650374493319,0.42782263924999075,0.5185214875668276,reversed,,2,8,200,59508,3876813,0.5
10.500,561355,545628.340,,true,0.8090458041913903,0.011565650374493319,0.42782263924999075,0.5185214875668276,reversed,,2,8,200,59508,3876813,0.5
11.000,382301,364095.117,,true,0.8090458041913903,0.011565650374493319,0.42782263924999075,0.5185214875668276,reversed,,2,8,200,59508,3876813,0.5
11.500,264125,242958.888,,true,0.8090458041913903,0.011565650374493319,0.42782263924999075,0.5185214875668276,reversed,,2,8,200,59508,3876813,0.5
12.000,185155,162125.275,,true,0.8090458041913903,0.011565650374493319,0.42782263924999075,0.5185214875668276,reversed,,2,8,200,59508,3876813,0.5
12.500,131892,108185.402,,true,0.8090458041913903,0.011565650374493319,0.42782263924999075,0.5185214875668276,reversed,,2,8,200,59508,3876813,0.5
13.000,95658,72191.589,,true,0.8090458041913903,0.011565650374493319,0.42782263924999075,0.5185214875668276,reversed,,2,8,200,59508,3876813,0.5
13.500,70914,48173.093,,false,0.8090458041913903,0.011565650374493319,0.42782263924999075,0.5185214875668276,reversed,,2,8,200,59508,3876813,0.5
14.000,53626,32145.669,,false,0.8090458041913903,0.011565650374493319,0.42782263924999075,0.5185214875668276,reversed,,2,8,200,59508,3876813,0.5
14.500,41301,21450.647,,false,0.8090458041913903,0.011565650374493319,0.42782263924999075,0.5185214875668276,reversed,,2,8,200,59508,3876813,0.5
15.000,32356,14313.912,,false,0.8090458041913903,0.011565650374493319,0.42782263924999075,0.5185214875668276,reversed,,2,8,200,59508,3876813,0.5
15.500,25771,9551.603,,false,0.8090458041913903,0.011565650374493319,0.42782263924999075,0.5185214875668276,reversed,,2,8,200,59508,3876813,0.5
16.000,20933,6373.738,,false,0.8090458041913903,0.011565650374493319,0.42782263924999075,0.5185214875668276,reversed,,2,8,200,59508,3876813,0.5
16.500,17072,4253.164,,false,0.8090458041913903,0.011565650374493319,0.42782263924999075,0.5185214875668276,reversed,,2,8,200,59508,3876813,0.5
17.000,14206,2838.116,,false,0.8090458041913903,0.011565650374493319,0.42782263924999075,0.5185214875668276,reversed,,2,8,200,59508,3876813,0.5
17.500,11815,1893.861,,false,0.8090458041913903,0.011565650374493319,0.42782263924999075,0.5185214875668276,reversed,,2,8,200,59508,3876813,0.5
18.000,9811,1263.764,,false,0.8090458041913903,0.011565650374493319,0.42782263924999075,0.5185214875668276,reversed,,2,8,200,59508,3876813,0.5
18.500,8238,843.303,,false,0.8090458041913903,0.011565650374493319,0.42782263924999075,0.5185214875668276,reversed,,2,8,200,59508,3876813,0.5
19.000,6910,562.732,,false,0.8090458041913903,0.011565650374493319,0.42782263924999075,0.5185214875668276,reversed,,2,8,200,59508,3876813,0.5
19.500,5870,375.508,,false,0.8090458041913903,0.011565650374493319,0.42782263924999075,0.5185214875668276,reversed,,2,8,200,59508,3876813,0.5
20.000,4949,250.575,,false,0.8090458041913903,0.011565650374493319,0.42782263924999075,0.5185214875668276,reversed,,2,8,200,59508,3876813,0.5
20.500,4259,167.207,,false,0.8090458041913903,0.011565650374493319,0.42782263924999075,0.5185214875668276,reversed,,2,8,200,59508,3876813,0.5
21.000,3549,111.577,,false,0.8090458041913903,0.011565650374493319,0.42782263924999075,0.5185214875668276,reversed,,2,8,200,59508,3876813,0.5
21.500,2994,74.455,,false,0.8090458041913903,0.011565650374493319,0.42782263924999075,0.5185214875668276,reversed,,2,8,200,59508,3876813,0.5
22.000,2597,49.683,,false,0.8090458041913903,0.011565650374493319,0.42782263924999075,0.5185214875668276,reversed,,2,8,200,59508,3876813,0.5
22.500,2279,33.153,,false,0.8090458041913903,0.011565650374493319,0.42782263924999075,0.5185214875668276,reversed,,2,8,200,59508,3876813,0.5
23.000,2023,22.123,,false,0.8090458041913903,0.011565650374493319,0.42782263924999075,0.5185214875668276,reversed,,2,8,200,59508,3876813,0.5
23.500,1720,14.763,,false,0.8090458041913903,0.011565650374493319,0.42782263924999075,0.5185214875668276,reversed,,2,8,200,59508,3876813,0.5
24.000,1568,9.851,,false,0.8090458041913903,0.011565650374493319,0.42782263924999075,0.5185214875668276,reversed,,2,8,200,59508,3876813,0.5
24.500,1337,6.574,,false,0.8090458041913903,0.011565650374493319,0.42782263924999075,0.5185214875668276,reversed,,2,8,200,59508,3876813,0.5
25.000,1205,4.386,,false,0.8090458041913903,0.011565650374493319,0.42782263924999075,0.5185214875668276,reversed,,2,8,200,59508,3876813,0.5
25.500,1076,2.927,,false,0.8090458041913903,0.011565650374493319,0.42782263924999075,0.5185214875668276,reversed,,2,8,200,59508,3876813,0.5
26.000,978,1.953,,false,0.8090458041913903,0.011565650374493319,0.42782263924999075,0.5185214875668276,reversed,,2,8,200,59508,3876813,0.5
26.500,898,1.303,,false,0.8090458041913903,0.011565650374493319,0.42782263924999075,0.5185214875668276,reversed,,2,8,200,59508,3876813,0.5
27.000,840,0.870,,false,0.8090458041913903,0.011565650374493319,0.42782263924999075,0.5185214875668276,reversed,,2,8,200,59508,3876813,0.5
27.500,749,0.580,,false,0.8090458041913903,0.011565650374493319,0.42782263924999075,0.5185214875668276,reversed,,2,8,200,59508,3876813,0.5
28.000,695,0.387,,false,0.8090458041913903,0.011565650374493319,0.42782263924999075,0.5185214875668276,reversed,,2,8,200,59508,3876813,0.5
28.500,642,0.258,,false,0.8090458041913903,0.011565650374493319,0.42782263924999075,0.5185214875668276,reversed,,2,8,200,59508,3876813,0.5
29.000,606,0.172,,false,0.8090458041913903,0.011565650374493319,0.42782263924999075,0.5185214875668276,reversed,,2,8,200,59508,3876813,0.5
29.500,543,0.115,,false,0.8090458041913903,0.011565650374493319,0.42782263924999075,0.5185214875668276,reversed,,2,8,200,59508,3876813,0.5
30.000,507,0.077,,false,0.8090458041913903,0.011565650374493319,0.42782263924999075,0.5185214875668276,reversed,,2,8,200,59508,3876813,0.5
30.500,463,0.051,,false,0.8090458041913903,0.011565650374493319,0.42782263924999075,0.5185214875668276,reversed,,2,8,200,59508,3876813,0.5
31.000,430,0.034,,false,0.8090458041913903,0.011565650374493319,0.42782263924999075,0.5185214875668276,reversed,,2,8,200,59508,3876813,0.5
31.500,391,0.023,,false,0.8090458041913903,0.011565650374493319,0.42782263924999075,0.5185214875668276,reversed,,2,8,200,59508,3876813,0.5
32.000,346,0.015,,false,0.8090458041913903,0.011565650374493319,0.42782263924999075,0.5185214875668276,reversed,,2,8,200,59508,3876813,0.5
32.500,318,0.010,,false,0.8090458041913903,0.011565650374493319,0.42782263924999075,0.5185214875668276,reversed,,2,8,200,59508,3876813,0.5
33.000,287,0.007,,false,0.8090458041913903,0.011565650374493319,0.42782263924999075,0.5185214875668276,reversed,,2,8,200,59508,3876813,0.5
33.500,254,0.005,,false,0.8090458041913903,0.011565650374493319,0.42782263924999075,0.5185214875668276,reversed,,2,8,200,59508,3876813,0.5
34.000,237,0.003,,false,0.8090458041913903,0.011565650374493319,0.42782263924999075,0.5185214875668276,reversed,,2,8,200,59508,3876813,0.5
34.500,217,0.002,,false,0.8090458041913903,0.011565650374493319,0.42782263924999075,0.5185214875668276,reversed,,2,8,200,59508,3876813,0.5
35.000,201,0.001,,false,0.8090458041913903,0.011565650374493319,0.42782263924999075,0.5185214875668276,reversed,,2,8,200,59508,3876813,0.5
35.500,196,0.001,,false,0.8090458041913903,0.011565650374493319,0.42782263924999075,0.5185214875668276,reversed,,2,8,200,59508,3876813,0.5
36.000,174,0.001,,false,0.8090458041913903,0.011565650374493319,0.42782263924999075,0.5185214875668276,reversed,,2,8,200,59508,3876813,0.5
36.500,161,0.000,,false,0.8090458041913903,0.011565650374493319,0.42782263924999075,0.5185214875668276,reversed,,2,8,200,59508,3876813,0.5
37.000,153,0.000,,false,0.8090458041913903,0.011565650374493319,0.42782263924999075,0.5185214875668276,reversed,,2,8,200,59508,3876813,0.5
37.500,105,0.000,,false,0.8090458041913903,0.011565650374493319,0.42782263924999075,0.5185214875668276,reversed,,2,8,200,59508,3876813,0.5
38.000,74,0.000,,false,0.8090458041913903,0.011565650374493319,0.42782263924999075,0.5185214875668276,reversed,,2,8,200,59508,3876813,0.5
38.500,51,0.000,,false,0.8090458041913903,0.011565650374493319,0.42782263924999075,0.5185214875668276,reversed,,2,8,200,59508,3876813,0.5
39.000,39,0.000,,false,0.8090458041913903,0.011565650374493319,0.42782263924999075,0.5185214875668276,reversed,,2,8,200,59508,3876813,0.5
39.500,24,0.000,,false,0.8090458041913903,0.011565650374493319,0.42782263924999075,0.5185214875668276,reversed,,2,8,200,59508,3876813,0.5
40.000,16,0.000,,false,0.8090458041913903,0.011565650374493319,0.42782263924999075,0.5185214875668276,reversed,,2,8,200,59508,3876813,0.5
40.500,14,0.000,,false,0.8090458041913903,0.011565650374493319,0.42782263924999075,0.5185214875668276,reversed,,2,8,200,59508,3876813,0.5
41.000,5,0.000,,false,0.8090458041913903,0.011565650374493319,0.42782263924999075,0.5185214875668276,reversed,,2,8,200,59508,3876813,0.5
41.500,3,0.000,,false,0.8090458041913903,0.011565650374493319,0.42782263924999075,0.5185214875668276,reversed,,2,8,200,59508,3876813,0.5
42.000,3,0.000,,false,0.8090458041913903,0.011565650374493319,0.42782263924999075,0.5185214875668276,reversed,,2,8,200,59508,3876813,0.5
42.500,2,0.000,,false,0.8090458041913903,0.011565650374493319,0.42782263924999075,0.5185214875668276,reversed,,2,8,200,59508,3876813,0.5
43.000,2,0.000,,false,0.8090458041913903,0.011565650374493319,0.42782263924999075,0.5185214875668276,reversed,,2,8,200,59508,3876813,0.5
43.500,2,0.000,,false,0.8090458041913903,0.011565650374493319,0.42782263924999075,0.5185214875668276,reversed,,2,8,200,59508,3876813,0.5
44.000,1,0.000,,false,0.8090458041913903,0.011565650374493319,0.42782263924999075,0.5185214875668276,reversed,,2,8,200,59508,3876813,0.5
